video_id,category,status
D19y--QH-98,Film & Animation,ok
3iQc-cgsTIY,Entertainment,ok
N-gN-TCeU44,Sports,ok
iBXa-_0j7rI,Entertainment,failed
77t9-XGfJUY,Film & Animation,ok
xjZH-O-UI7U,People & Blogs,failed
gVQg-GAwDc8,Film & Animation,ok
aDy0-7nHz_E,Film & Animation,ok
44Nr-Xq_k6Q,People & Blogs,ok
gLbE-DFyyvA,People & Blogs,ok
kr1lAudsA2c,Entertainment,ok
-INiw-cVMjs,Autos & Vehicles,ok
mmPJ-NpZiu8,Film & Animation,ok
SI7x-E4TnwM,Comedy,ok
syZh-49sDS0,Science & Technology,failed
fNOh-rl7ytQ,Music,ok
rzdW-xK-zms,Nonprofits & Activis,ok
NXAn-BC6v_Y,Travel & Events,ok
dFmQ-l35Zcc,Music,ok
uxVT-W3xZl4,People & Blogs,ok
fKPv-AC-khA,News & Politics,ok
vXxl-5kvxG4,Music,ok
b9nc-j8KwCQ,Entertainment,ok
Th2n-3yiVpQ,Music,ok
Or14-NkaQ7Y,Film & Animation,ok
XQuJ-cf7ewA,Music,ok
ho_E-1wWQvU,Sports,ok
Ed_v-IEsK8g,Music,ok
P9XN-CKX2ik,Gaming,ok
153W-injxtw,Film & Animation,failed
vXRO-iZac0s,Entertainment,failed
TJXY-8c3wE4,Music,ok
HUzk-4wp6n0,Entertainment,ok
CSrg-eTas9w,Entertainment,ok
hQfFN5mRJLc,Entertainment,ok
-uQVa-ceRds,Pets & Animals,ok
-yqnC-yMzEc,Nonprofits & Activis,ok
RrOY-b502T4,People & Blogs,failed
WRnW-DpNJjI,Comedy,ok
77dk-DdNFxg,People & Blogs,failed
tRRe-LbRppA,Entertainment,ok
pnwM-DCQJl8,Sports,ok
WwtI-XPjcuE,Comedy,failed
UeQD-KyTMqk,People & Blogs,ok
RyEa-lmaHCQ,Music,ok
cJEa-f2Pmrc,Music,ok
fYcD-x8rIO4,Music,ok
ze9G-Pq1m2Y,Music,ok
fl4S--EWwdM,Music,ok
KAeE-py0NX4,Gaming,ok
OoT6-2heAio,News & Politics,ok
HORb-iD7xcI,People & Blogs,ok
WDMuZhOXPTU,Sports,ok
XEFK-0MkMxU,Music,ok
VSjn-ysgVd4,Sports,ok
Ukhz-_iP0y8,Comedy,ok
3z-v-w_1suA,Film & Animation,ok
C_DS-GufxBI,Music,failed
l2sDV7dxkgA,Music,failed
KSj6-2fT0T8,People & Blogs,ok
h24j-tdlbzM,People & Blogs,ok
9Jek-N5rrzM,Sports,ok
dvvD-UWMsho,Autos & Vehicles,ok
FdHr-4_5ZLU,Music,ok
uwHj-zXY2s4,People & Blogs,ok
tjD7-9VYHFo,Comedy,ok
kzZL-26C9iU,Entertainment,ok
qqSK-PQk-9w,Comedy,ok
Z_tW-uHmdE8,Film & Animation,ok
ZAd4-C54N2w,People & Blogs,ok
Fst2-mj9qyc,Education,ok
6pAY-FWnXzE,Music,ok
SxH1-VGuyGk,Sports,ok
Gzow-u7vN4g,People & Blogs,ok
YDMO-q9NROw,Education,ok
28BV-NZV3C8,Music,failed
-AVxK-ZeduA,Music,ok
fWBo-ktt-3o,Entertainment,ok
LUS2-hJdc8Y,Music,ok
Wyhh-IAzZvM,Sports,ok
xHPm-pEWjuE,People & Blogs,ok
3H9f-3yx7Y8,Gaming,ok
7bYo-RG9Y1Q,News & Politics,ok
udp6-XtkRFw,Education,ok
sgSt-NuTh1M,Sports,ok
aDfn-pdwFRg,People & Blogs,ok
jXXd-VX-6Wk,Music,ok
T4Kd-ix4yz8,Music,ok
S2dg-Njb21Q,People & Blogs,ok
ECHf-QItKbE,Film & Animation,ok
Phl6-2P8IIc,Music,ok
2Zhd-krgBPc,People & Blogs,ok
mkk3-A5S4K8,People & Blogs,ok
XR5P-nJ3Gwk,Nonprofits & Activis,ok
C6uS-BnFm24,People & Blogs,ok
aGpJ-JvInTI,Music,ok
CYlm-7K2gD4,People & Blogs,ok
jHtR-zK8luw,Music,failed
woSa-apu4Xc,Music,ok
d9i4-o5w0KM,People & Blogs,ok
5sW--KwDpb4,Autos & Vehicles,ok
BqK_-vIHySo,Autos & Vehicles,ok
-NJLP-EE0E4,Comedy,ok
W4gz-k1YJfE,People & Blogs,ok
QHxN-65vN2I,Pets & Animals,ok
TukH-DT4OFU,Entertainment,ok
OwYr-kmbb1I,People & Blogs,ok
qzjX-IRtgoM,People & Blogs,ok
nXsq-HILpXw,Pets & Animals,ok
OHeE-0KpooI,Music,ok
U_TN-qyVCJw,News & Politics,ok
d223-t5FUZI,Travel & Events,ok
xR9k-VJEYZU,Entertainment,ok
j8GP-vEtNr8,Music,ok
S7kc-uvAdAc,People & Blogs,failed
fgV8-vks3zo,Entertainment,ok
8fEO-yhj33w,Comedy,ok
e1ZN-O6ag7E,Comedy,ok
JfT9-HumtYo,Gaming,ok
fC-o-316anA,Comedy,ok
pStH-hQIb6A,Entertainment,ok
1uPU--8j2qQ,Entertainment,ok
m2Og-SFVfoQ,Entertainment,ok
igui-N_gUHs,Science & Technology,ok
RxPh-8BM5XI,People & Blogs,failed
LDoc7M4HVj4,Pets & Animals,ok
1z9o-STQ13c,People & Blogs,ok
BoXL-K6wR-Y,Gaming,failed
v9sH-8I3YbI,People & Blogs,ok
mOwc-VbkHHM,Sports,failed
lPOc-OBBvlI,Comedy,ok
wH_c-9ORj60,Entertainment,failed
M5od-DjvNgw,Sports,failed
LFEK-MTadtU,People & Blogs,ok
5YnR-quIEpE,Comedy,failed
OUK3-3Lrw4o,People & Blogs,ok
7eSZHUfdSeE,Sports,failed
9J2Q-UOI-oo,Gaming,ok
NgJC-vKb8BQ,People & Blogs,ok
q7eQ-yF4FZo,Autos & Vehicles,ok
Vgl1-jdktBo,News & Politics,failed
Fxh5-rKfrSs,Entertainment,ok
-HDWD-2j-dg,Education,ok
q69z-iW_Nfg,People & Blogs,ok
We2H-wR2cWQ,Music,ok
GSux-nSy-DA,Entertainment,ok
5jRo-fm_NZI,Entertainment,ok
4aJ9-hPsG6o,People & Blogs,failed
2wFw-tYQFfY,Comedy,ok
B_Fy-m2ez6c,Pets & Animals,failed
vVu-zvs5hyg,Gaming,ok
7oUc-xW7czU,Film & Animation,ok
4-ar-pvHlSY,Music,ok
xRVZ-loihag,Autos & Vehicles,ok
dRLO-SSgih4,People & Blogs,ok
L-WD-VfEePY,Sports,ok
Hz3d-pLlIEA,People & Blogs,ok
TuP4-Oj_8qg,Entertainment,ok
vs75-AEfAJs,Howto & Style,ok
hip4-6OsmvE,People & Blogs,ok
Uduv-w0-Mko,Autos & Vehicles,ok
kuvr-GcbJ7M,People & Blogs,ok
ZB8L-zCbSMw,People & Blogs,ok
OF1E-tHvWbQ,Comedy,ok
m2IcHkoHU6Q,Entertainment,ok
Hoob-ksyJBo,Entertainment,ok
yGDm-Mo9gys,Sports,ok
9e1H-N5tBXM,Autos & Vehicles,ok
v6Jr-wR4Dek,Pets & Animals,ok
rSu0-33KfPk,Entertainment,ok
L4Iu-MEVpgs,Nonprofits & Activis,ok
1uOW-CDU7lI,Music,ok
79Ks-ykqW4M,Comedy,failed
uGkj-gebTdQ,People & Blogs,ok
g_6r-72bswk,Nonprofits & Activis,ok
woFE-ksIb50,Entertainment,ok
epWu-SZxsSg,Gaming,ok
g6EH-yTyUMw,Sports,ok
dvb1-cpSUPg,Travel & Events,ok
-iFE1-ooOyQ,People & Blogs,ok
xIno-lcHjtA,Film & Animation,ok
zSHn-Lt4juI,Autos & Vehicles,failed
AlwA-2zmXlk,People & Blogs,ok
LlIK-B_U80Y,Autos & Vehicles,ok
ei93-ysyuLI,Entertainment,failed
HjHu-mgoMPw,Gaming,ok
8BCP-qrF8hw,People & Blogs,ok
i9bC-sTyzp4,People & Blogs,failed
LYtu1cARHec,Travel & Events,failed
AOmT-xXWje0,Travel & Events,ok
ucBf-jGxIxM,People & Blogs,ok
hAgnnpyBzI0,Sports,ok
0mAe-jwIuFk,People & Blogs,ok
orgD-JyeNzY,People & Blogs,ok
4UXK-00sHBA,People & Blogs,ok
-vyEb-8fuo0,Comedy,failed
kZPJ-Y696gg,Music,ok
ZW9y-_L4fF4,Entertainment,ok
HZ2L-woK02U,Travel & Events,ok
4a0I-tFPQ3s,Autos & Vehicles,ok
gxvh-PyTa48,Comedy,failed
TQSJ-qFb1bI,Gaming,ok
LWPI-Th9ebk,Entertainment,ok
Nta2-et_eRg,People & Blogs,ok
yPhTQPxzThY,Travel & Events,failed
Y6Yc-p5eBhM,Gaming,ok
eD9h-IiFXp0,Sports,ok
0Au5-4UDHco,Travel & Events,ok
3sRj-4pxieY,People & Blogs,ok
CMQB-hzUOss,Pets & Animals,ok
IFv2-LtdSzc,Pets & Animals,ok
7P2M-7TuHIU,Entertainment,ok
G7OG-WoB2-w,Sports,ok
Tik9-x2AGdM,Entertainment,ok
ot13-9GhsJM,People & Blogs,ok
lNR5-QawWq0,Comedy,ok
FYpA-KnBN_E,Music,ok
PfOI-HbpxAs,Howto & Style,ok
c_kG-GZipTE,Comedy,ok
lj1k-M35MoU,People & Blogs,ok
BvaS-3pRaPY,Pets & Animals,ok
-5t-l-Owk1U,Autos & Vehicles,ok
-u7Ih-LMVIY,Travel & Events,failed
2kwj-oER-yk,Autos & Vehicles,ok
k8Z9-NaIVBk,People & Blogs,ok
oHi5-FKA-fA,Autos & Vehicles,ok
iyv1-mVHBOU,Pets & Animals,ok
l5Rf-Cc9oQw,Autos & Vehicles,ok
Tnru-I6qFuI,Sports,ok
_-6Q-OiSAXI,Film & Animation,ok
6Mrq-xRTqms,Sports,ok
k0OC-QOrKIs,Education,failed
r_g-kFY_9BQ,People & Blogs,ok
HGMZ-yvKXjw,Comedy,ok
_T2f-R_FM7A,Sports,ok
aMaD--Chm6U,People & Blogs,failed
I56--pwUY6E,Film & Animation,ok
QHWq-F4YilI,Comedy,ok
jXJ2-rDeEbg,Entertainment,ok
_0WO-xUcw-U,Gaming,failed
Upmq-11rLw0,Autos & Vehicles,ok
w0rz-SCHN4s,People & Blogs,ok
ryPy-WlH9tA,Film & Animation,ok
Eeo_-VxVYGU,Gaming,ok
6nhe-5Uselk,Pets & Animals,ok
-KOI1-JbAZ0,News & Politics,ok
vkrP-WypJjA,Science & Technology,ok
_U3n-X3CXMQ,Entertainment,ok
RS1e-EDgKdw,People & Blogs,ok
k27o-_uhoe0,People & Blogs,ok
WgpU-Ptu_6k,People & Blogs,ok
yxq5-j_k-UM,People & Blogs,ok
cy8n-eIKS-k,People & Blogs,ok
qggg-ltqNWA,People & Blogs,failed
p1ZK-04pGuQ,Entertainment,ok
Sh-H-PBWQWw,Autos & Vehicles,ok
qanh-b26aK4,Sports,failed
qaMS-gpruw8,Comedy,ok
Mf1T-Lun4ws,Entertainment,ok
0deq-VpOIJE,Autos & Vehicles,ok
mhUF-b-7nEs,Entertainment,ok
o5u0-iK5x_I,People & Blogs,ok
nkTo-_YUsgs,Howto & Style,ok
ujBJ-_nPUHE,People & Blogs,ok
KGXc-eWRDRg,Comedy,ok
7CUY-_bOPzg,Education,ok
Kk9H-tF17kI,Comedy,ok
3tuU-NEmQlE,Music,ok
tOzR-C4Gqfo,Travel & Events,failed
GvOk-jmsHts,Entertainment,ok
KhZi-eQ36Xc,Entertainment,ok
ouvH-_L2Khw,People & Blogs,ok
1LXH-OibJYQ,People & Blogs,ok
113L-suj6mc,Gaming,ok
_Qyd-N1zay8,Entertainment,ok
hcRI-eFm-So,Sports,ok
0sj9-ok3r-w,Autos & Vehicles,ok
UrEN-s_oUfY,Entertainment,ok
1g-f-Podmv8,Howto & Style,ok
v3Bv-TuFJW8,Sports,ok
luj3-3623Zg,Gaming,ok
_dO_-V1HHLM,Gaming,ok
2LFA-2RiLNA,Entertainment,ok
myy1-U67A6U,People & Blogs,ok
L6Kp-TAYYAs,Autos & Vehicles,ok
oi1-MqI1ZQg,Autos & Vehicles,failed
jdxf-qbmT1k,Howto & Style,ok
s5ge-PAU2zA,Travel & Events,failed
IpLX-QRM_nA,Entertainment,ok
EAy5-sp9U-s,Howto & Style,ok
eh_s-hN0Ou0,Gaming,ok
9Err-2oXmKk,People & Blogs,ok
uSE_-vN1HiY,Gaming,ok
MmQj-gtpd8w,Comedy,ok
jjQn-DoPbnQ,Comedy,failed
nZiP-f_R2hs,Music,ok
LIaH-MIYIr4,Howto & Style,ok
YTzz-bseop0,Entertainment,ok
OAqO-nRHfIs,Entertainment,ok
Xb5F-GH6_9w,Comedy,ok
pg0H-9M8zL0,Entertainment,failed
Uayt-wXsLoY,Autos & Vehicles,ok
ABiG-QykgY8,People & Blogs,ok
wKo2-rzuxs4,People & Blogs,ok
qb5_-rjf0CI,Entertainment,failed
1gX5-W7gDvc,Education,failed
GEMj-_puePw,People & Blogs,ok
gFkv-LVpNlU,Sports,ok
MBJH-QryEEM,Entertainment,ok
agxa-vy_UTc,Entertainment,ok
EJ5x-nwPh0k,Comedy,failed
E3A8-4PXRY4,Gaming,ok
kPn2-UrjyO4,People & Blogs,ok
wPPW-6Nd3Ss,Howto & Style,ok
4VOh-wVAKL0,Entertainment,ok
4fle-7gNQZY,Howto & Style,ok
_Ltf-RRNIcc,People & Blogs,ok
Rc23-ktrkDI,Science & Technology,failed
S8Rb-4g2z1E,People & Blogs,ok
SPIJ-PCLe0Q,Entertainment,ok
21tb-KYHyWE,Education,ok
T6a8-Kep0HQ,Autos & Vehicles,ok
dd3O-vAorcY,Sports,ok
5W-u-v_Pm1c,People & Blogs,ok
sXXP-HZHFA4,Film & Animation,ok
7w1K-KEfkPY,Entertainment,ok
ZjAi-vlhnMg,Film & Animation,ok
adQU-piRzcw,Sports,failed
mZog-StMgUI,Gaming,ok
45Sq-jzYzKU,People & Blogs,ok
EWzA-sXknDI,Gaming,ok
RXpO-sKrQAo,Sports,ok
cxvM-7Pec80,Music,ok
gkDX-hSOoJw,News & Politics,ok
koj4-wOb1Kk,Entertainment,failed
L6dD-YeopNo,Comedy,ok
q3ch-oIO9wU,People & Blogs,ok
zdEg-4B24dg,People & Blogs,ok
lBz2-d1x6l8,Entertainment,ok
jyP0-4SDp-w,People & Blogs,ok
akmW-_KE6c0,People & Blogs,ok
IXeU-T4mGZc,Gaming,ok
Sg9j-dFJaD4,Autos & Vehicles,ok
mCqD-hx3tU8,People & Blogs,ok
lh2b-Zfrra8,People & Blogs,ok
81hw-DHXowo,Music,ok
WjRJ-vfXHuI,Entertainment,ok
Kn9R-odU980,People & Blogs,ok
e8Wb-lQiu9Q,Gaming,ok
Z4J6-yZGCRk,Comedy,failed
k-U5-neBLco,Entertainment,ok
D5NB-tMQh9E,Entertainment,ok
ELCx-ZFPVrk,People & Blogs,ok
kXjU-_pN6rY,Music,ok
qsJh-nRi2sA,Entertainment,ok
SpoM-acUZVo,Entertainment,ok
-yaG3-K7QP0,Film & Animation,failed
j0oF-DQTVXg,Entertainment,ok
mu7i-MUX9kU,People & Blogs,failed
hsQ6-B_UxyA,Entertainment,failed
_XX0-noM1bo,Autos & Vehicles,ok
7nuO-xw4ZAg,Autos & Vehicles,ok
jisp-nbbMsc,People & Blogs,ok
mLRS-Nsp6rU,Gaming,ok
0ZHn-FnT5GU,Film & Animation,ok
RiZu-i4-lnE,People & Blogs,failed
st8Z-6REQvQ,Pets & Animals,ok
TUgH-3gnaRc,Sports,ok
FUsR-BVqHO0,Sports,ok
2Yhd-LONNYo,Comedy,ok
QvLq-uMlpNE,People & Blogs,ok
P95L-YN7LIE,Travel & Events,ok
5rpd--p-Z9M,Entertainment,ok
pdo1-H3Ki3g,People & Blogs,ok
_cEX-SgxGgk,Comedy,ok
FpoS-tnDv8E,People & Blogs,ok
gQCa-qcchWk,Sports,failed
l1xd-AaNZL4,Education,ok
qTA6-lgf4xM,Autos & Vehicles,ok
fXY8-VSdFKc,Education,ok
nm6N-XNkQAY,Entertainment,ok
061a-kTVlzk,Comedy,ok
ZVum-6Gppk4,Autos & Vehicles,failed
e_PN--Ak_Qo,Autos & Vehicles,ok
kbCL-MQsjo4,People & Blogs,ok
wIMS-VMrasg,Music,ok
5pHU-eR1XTo,People & Blogs,ok
7y7T-jT4e8U,Entertainment,ok
BdTY-Ar1FOw,People & Blogs,failed
U67C-ys5FKU,Entertainment,failed
LdlX-RVkvbw,People & Blogs,ok
sw1x-kg3Mew,Entertainment,ok
YBbX-3Fb6UY,Gaming,ok
Hm9i-lEmLr8,Entertainment,ok
Fz6i-E7n-LY,People & Blogs,ok
tElj-ZJW_CI,Entertainment,ok
nASD-06pYOI,Music,ok
f88q-Q9BsKA,Education,ok
7nUj-8Ccefo,Comedy,failed
R1JC-0-t1Ug,Nonprofits & Activis,ok
vT5s-RIEn2Q,Science & Technology,failed
HHer-c8yNys,Howto & Style,failed
WNs9-2fVm58,People & Blogs,failed
8AOb-k76tBA,Music,ok
oMJZ-s8TGvQ,Entertainment,ok
oBwT-w0bVAQ,People & Blogs,ok
uIHQ-FPvW74,People & Blogs,ok
jQEg-MuoA8o,Travel & Events,ok
_xEg-w--4Mo,Pets & Animals,ok
ZAGK-MAUeKg,Howto & Style,ok
V0jW-w3VRCw,People & Blogs,ok
mwUR-spzdKU,Sports,ok
MKxW-4q30YI,People & Blogs,ok
2Z2z-W90fCk,People & Blogs,ok
3a26-XuYLzk,Autos & Vehicles,failed
pPr0-5R9opc,People & Blogs,ok
5Ln1-TjqdxY,Comedy,ok
4wuX-j-Zock,People & Blogs,ok
B2Ux-jd_slM,People & Blogs,failed
1i0w-M9az1A,People & Blogs,ok
gbyGNi9HehA,Entertainment,ok
3QNr-YrilFA,Pets & Animals,failed
XsBl-WaHCBQ,Education,ok
M5Ww-Cq9y7U,Sports,ok
63Bn-Icn9tk,People & Blogs,ok
wIDH-t2HcV4,Gaming,ok
Jg-z-5ZLugs,People & Blogs,ok
RTJl-tIunu0,Travel & Events,ok
S1PE-DGZwu4,People & Blogs,ok
DORW-56oDLY,Sports,ok
CV1g-VL7LoM,Pets & Animals,failed
y-cP-5zX4YU,Entertainment,ok
hqAg-XM6hNY,Comedy,failed
r_Yr-i4zmeM,Entertainment,ok
bWRk-A0amno,Music,ok
PqZG-600cXk,People & Blogs,ok
BtPP-0nBLuE,Autos & Vehicles,failed
qbSt-DMGa7w,Comedy,ok
C7cQ-u0nHGQ,Film & Animation,ok
vzGI-Us0ksc,Pets & Animals,ok
c2jV-c92TQs,Music,ok
6pAh-iBzFSo,People & Blogs,ok
Wbvf-742qqo,Gaming,ok
wRGq-8qEi4c,Sports,ok
6aFV-aSEYRU,Comedy,ok
j0Eg-b1vv34,Howto & Style,failed
Nv3u-zHrfPM,Music,ok
PXD7-vmkwOM,Music,ok
QYUs-a8lfb0,Howto & Style,ok
CMWc-e_VAuo,Gaming,ok
paGV-5TvosA,Sports,ok
zVNK-9Nn88U,Travel & Events,ok
B7bc-s3qX9Y,People & Blogs,failed
0bKj-om_sd4,Autos & Vehicles,ok
wBVc-AKANrk,Gaming,ok
zZRB-ESuKbM,Entertainment,ok
qEZ_-IM7A-A,Autos & Vehicles,ok
eTMf-OfCjmM,People & Blogs,ok
UfkM-Mm15Us,Autos & Vehicles,ok
XVJd-r0wvdc,News & Politics,ok
p_2Q-211-kU,People & Blogs,ok
wkqp-Ofi8lE,Autos & Vehicles,ok
-AvSNyUvRVs,Autos & Vehicles,ok
0-UJ-IZaJsg,Autos & Vehicles,failed
eRwj-VIOyxA,People & Blogs,failed
JIua-3GHo6g,People & Blogs,ok
i3FI-abZbHc,Entertainment,failed
kFuJ-tHObC0,Film & Animation,ok
zwfl-86hFJ8,Gaming,ok
DbsL-ckF_BU,Gaming,ok
XUJ-lWwVuHI,News & Politics,ok
kq1f-lxfSlo,People & Blogs,ok
CvCM-Zs34Bs,Entertainment,ok
Re7Y-UbazAQ,Film & Animation,failed
QYm6-YIrklY,Entertainment,ok
9qZ3-ytAJRY,Music,ok
KjdI-CQenUw,Entertainment,ok
C9bc-YlPC7M,Sports,ok
kKvQ7hQM3LE,Sports,ok
yr5U-_FJ4zQ,People & Blogs,ok
ix1i-ebnWF0,Entertainment,ok
Gau1-5M-TQc,Pets & Animals,ok
8fNw-2xQVdA,Entertainment,failed
xw3i-mIGXSw,Comedy,ok
qfhX-TnK0lk,Entertainment,ok
XpGy-YYRAPU,Entertainment,failed
te4v-sRvPlQ,Gaming,ok
E62L-Ri_WqI,Autos & Vehicles,ok
yuu4-2L8BiA,Comedy,ok
X9cY-TOeLOk,Gaming,ok
75KL-9R0Fb0,Gaming,ok
PU8J-0-PhSM,Gaming,ok
rNi_-3YPCuY,Film & Animation,ok
5fHT-DueYF8,Sports,ok
g9E6nbBuJuE,Entertainment,ok
0RjY-hsYJQ4,Comedy,ok
X1Z3-E-iQXg,Entertainment,failed
VBsX-S0yVzM,Entertainment,failed
jZA_-OD6T04,Autos & Vehicles,ok
yN4E-SC1Zkw,Gaming,ok
Up_E-2UK1Hs,Entertainment,ok
sz0T-Z9N9y4,Sports,ok
vuhe-Ga-KcI,People & Blogs,ok
gO5H-20N3uI,Entertainment,failed
DmLj-ZxFfQM,Music,ok
8pnY-Ub-NwA,Gaming,failed
2Q0l-y0jws0,Comedy,ok
uII7-uE9erE,Sports,ok
cWZp-suRWdA,Entertainment,ok
Livj-V5z33g,Autos & Vehicles,ok
4SO-KwdCssA,Entertainment,ok
u_tS-GK7K3Q,People & Blogs,ok
vbat-qXz6Cc,People & Blogs,ok
Q_I5-xLSHoo,Comedy,ok
5gtp-U2BkI0,Comedy,failed
C1AB-O0GnN8,People & Blogs,ok
V337-0ZiSic,Education,ok
XGWY-r1YmrM,Entertainment,ok
_pFS-YnWKZ0,Comedy,ok
XJz0-Gh2p1I,Science & Technology,ok
KQU2-6_Lyxs,Entertainment,ok
hVmi-U0VNqg,Music,ok
l3Vk-kTnaHs,Entertainment,ok
fgVr-MTpsVA,Comedy,ok
e4Cl-aXXm7s,Comedy,failed
0CuG-AyBBNs,People & Blogs,failed
6P_4-oxYtME,People & Blogs,ok
4RTV-kMxq1k,Travel & Events,ok
LqHf-XLctP8,Comedy,ok
eAOlzc-Lgcs,Gaming,ok
5rJ4-JfsTJ8,Pets & Animals,ok
4m3k-RdPQkE,Entertainment,ok
8AKC-Gny9mE,Nonprofits & Activis,ok
41n6-Q3qL2Q,Gaming,ok
iVeA-imPb7E,Comedy,ok
enyW-Xp-aoI,Sports,ok
VMVi-aXic6I,Comedy,ok
77k_-vCglfg,Sports,ok
Lkai-Zc4MKA,Autos & Vehicles,failed
grTD-DasfDE,People & Blogs,ok
H2q3-MMcJ5Y,Comedy,ok
AJWGAlI0YKs,Comedy,ok
XNGZ-MGQPZQ,Comedy,ok
sNAW-MSW4js,Comedy,ok
zJ2L-C9TsfA,People & Blogs,ok
V0QB-W_uUHA,People & Blogs,ok
8S88-fsTtbo,Sports,ok
BzF_--rUvo8,Education,ok
SgVB-R8xfc0,Pets & Animals,ok
wsTM-ewmFLQ,Autos & Vehicles,ok
ESXv-32NJVA,Entertainment,ok
cdtj-bc3wn0,People & Blogs,ok
O38b-VF6pXk,Science & Technology,ok
4poT-1e9AlY,Gaming,ok
WpZJ-Ch_Eds,Music,ok
LHuK-BZh-mY,Sports,ok
H4gp-UmuJi4,Science & Technology,ok
eTOu-RwlXWk,People & Blogs,ok
iRci-WoRNOo,Entertainment,ok
VHAr-UkO5lk,Howto & Style,ok
hYdH-_ep89s,Film & Animation,ok
3t8O--7IHt8,Entertainment,ok
A7jK-mXOGMg,People & Blogs,ok
Nv_V-WA7sMM,Gaming,failed
GOEO-8t-ktY,Comedy,failed
dZ7J-0L7XDQ,People & Blogs,ok
OZ-j-thlicE,People & Blogs,ok
fipN-sFSePo,Gaming,ok
490c-LVkJJU,Sports,failed
GM0Z-8hP6N0,Autos & Vehicles,ok
G8yA-WsLnZ0,People & Blogs,ok
FV3X-Pwiu2o,Gaming,ok
2T-Z-awpCG4,Travel & Events,ok
xmu2H6TN5nQ,Education,ok
F7_8--5N-NY,People & Blogs,ok
214d-hvrF9c,Travel & Events,failed
W9l-k9u7YNs,People & Blogs,ok
npNy-krDm6o,Music,ok
392C-1D5yfg,People & Blogs,ok
zp40-3pbXUE,Film & Animation,ok
35GS-_Jicoc,Sports,ok
YVAD-RR2xlA,Entertainment,ok
wb5p-PRGrrA,People & Blogs,ok
4K6p-0-uEHk,Comedy,ok
iuSN-K1HVKs,Film & Animation,ok
TOV-ai_qLhk,Autos & Vehicles,ok
aTnk-mn-7mk,Autos & Vehicles,ok
ZzjM-TTsq64,People & Blogs,ok
JGYI-7j4dss,People & Blogs,ok
nH4z-tJm9Wk,People & Blogs,ok
bUE0-bR4k3A,People & Blogs,ok
-JIk6-dAwWo,Comedy,ok
HipC-nk_6gs,Education,ok
xF13-qm6dl0,Sports,ok
c_m7-75BZWo,Sports,ok
14gO-UQw1WA,Gaming,ok
bGA7-f3u0Nw,Comedy,ok
JjdM-UYvW_U,Entertainment,ok
oTge-_gdHW4,Entertainment,ok
qCss-DNku74,People & Blogs,ok
z5QG-eEuInc,Travel & Events,failed
QzlM-o4I5vI,Comedy,ok
OkV2-mYLvP8,People & Blogs,ok
egiU-zf9WD8,People & Blogs,ok
VE3v-0yWEnc,Entertainment,ok
z8un-Z28fko,Comedy,failed
XRg2-0KW_kg,Pets & Animals,ok
xdhq-TsRSAM,Music,ok
kI4O-rmrrOk,Sports,ok
vHyT-vwM1UE,Comedy,ok
klpE-wkKAk0,Sports,ok
kD3Q-fKQbQk,Gaming,ok
-jj42-Qy5mc,Howto & Style,ok
p-CM-s77RAU,Pets & Animals,ok
Lo3o-pE5X_Y,Autos & Vehicles,ok
B_XQ-vaDd2c,Gaming,ok
UBkE-c60oSw,Music,ok
siOU-RNRw4M,Comedy,ok
LvP3-GWNLwM,Entertainment,ok
3YWR-UYlXtY,People & Blogs,ok
la15-GplBOM,Music,ok
jpOW-CmCxC4,Entertainment,ok
VQoh-BAD5Uo,Music,ok
Qk3Q-346EGo,Gaming,ok
8Kef-OgniFE,Gaming,ok
D4HS-t3lKlU,Comedy,ok
1a3G-gxPfIg,People & Blogs,ok
WztbhBf2e2U,Comedy,failed
Zu5g-UIs0wA,Gaming,ok
nGSM-MKxots,Comedy,ok
jgyC-Ohf_mg,People & Blogs,ok
EuX6-tmq9T0,Comedy,failed
965k-7rBzrs,Autos & Vehicles,ok
RIfx-snf_u8,Autos & Vehicles,failed
cg4m-2Fx3ww,Autos & Vehicles,ok
mwOQ-oiUIwk,People & Blogs,ok
1-PhoeBfnsw,Gaming,ok
BTZv-HFseHk,Comedy,ok
vvYi-tInV5E,People & Blogs,ok
JsWt-F2fUGc,Gaming,ok
ZChN-QZ5gKA,People & Blogs,ok
Li2U-lFHf48,Sports,ok
jL6N-DjW0ys,Film & Animation,ok
VbOE-T7anps,Howto & Style,ok
DSBR-m0TK7Q,Education,ok
hosyyOzytw4,Entertainment,ok
leGF-z-KKgY,Travel & Events,ok
c7Xg-8XNNbs,News & Politics,ok
OXCJ-fc6kp8,Sports,ok
z1cq-3lrhHE,People & Blogs,ok
jtGz-w6QHjk,Film & Animation,ok
KyrX-X5Q94M,Gaming,ok
kq9n-ibPLJU,People & Blogs,ok
vciX-UrjFrA,Entertainment,ok
9DV6-ohBVz0,Comedy,ok
itVb-_0vpuY,People & Blogs,ok
ntXm-NsS3-w,People & Blogs,ok
Qe0E-mlZAK8,Autos & Vehicles,ok
1Zb8-wQEDC0,Music,ok
Q0r4-CVcDbM,Sports,ok
8oPC-7HodLc,Howto & Style,ok
lHp9-6SFvWQ,Entertainment,ok
-Qkvq-iFey0,Music,ok
1RAG-IcQj1A,Gaming,failed
bVI7-h2r0L8,Science & Technology,ok
3Ay1-OPrGGk,Pets & Animals,failed
isnc-l5jFec,Science & Technology,ok
FABF-kWqrBw,People & Blogs,ok
9dQO-isJRE0,Entertainment,ok
stbK-azQm7g,Music,ok
3K6s-EZsk-Y,Howto & Style,ok
XXvH-K9a1bQ,People & Blogs,ok
kcCu-Fxgn5E,People & Blogs,ok
JqHV-qmZD0I,Comedy,ok
0TW3-1jRLOc,Comedy,ok
r8re-WbVJ0Y,Autos & Vehicles,ok
-UXEO-TEE44,Autos & Vehicles,ok
v2Sv-HAXUVk,People & Blogs,ok
IGpU-wdTPDc,Film & Animation,ok
PY6e-3Ivv9w,Entertainment,ok
xkG_-a_voHA,Comedy,ok
Ylxp-M2ZSTk,People & Blogs,ok
C_s7-E_7ecA,People & Blogs,ok
xp9X-OD2cDg,People & Blogs,failed
-faui-bkb_4,Film & Animation,failed
ECY2-2Eiiw8,Entertainment,ok
aLzO-15G8Bg,People & Blogs,ok
01C3-creiHQ,Comedy,failed
4Y56-yUlw2Y,People & Blogs,ok
M7V0-eFzIoQ,Sports,ok
WIWU-1shdbU,People & Blogs,ok
LLxZ-WuXcoM,People & Blogs,ok
6lUq-mF_odw,Pets & Animals,ok
umxx-2ECuXY,Film & Animation,ok
Dmso-nRb-TE,News & Politics,ok
u-l2-sAb748,People & Blogs,ok
v4m1-xhJmPY,Gaming,ok
2oXg-JytqXg,People & Blogs,ok
PEwi-dtFPZU,Entertainment,ok
Ruph-4c2sFE,People & Blogs,ok
DsV5-JiadBg,People & Blogs,ok
UwTb-NOs50A,Autos & Vehicles,ok
jN4s-dKkw_M,People & Blogs,ok
TKI2-FAo_P8,Music,ok
H0fX-v_hVKk,People & Blogs,ok
MoAf-PwSYtM,Comedy,ok
8obR-c5pSLQ,Music,failed
2T92-O3D2fI,Comedy,ok
8lI1-mtAK8g,People & Blogs,ok
i8dN-kUmbVU,People & Blogs,ok
5OlX-OcD7mU,People & Blogs,ok
cn7E-V1hnB4,Gaming,ok
7-Zp-fg9trE,Comedy,ok
qtyF-42oH64,People & Blogs,ok
LRzg-L5Hl9A,Comedy,failed
Vt__-V05PmU,Entertainment,ok
KCau-MXNXUg,People & Blogs,ok
VW4u-4Nzv7I,Entertainment,failed
8ldm-R9NFOo,Pets & Animals,ok
43Vk-sDOl6E,People & Blogs,failed
CLir-HPaYM8,People & Blogs,ok
qzEG-O_sGTg,Comedy,ok
avyM-Wc-TS0,People & Blogs,failed
WQbF-eoEUtw,Music,ok
p1RJ-pc7Bio,People & Blogs,ok
uLFH-9CzoMM,Comedy,ok
hcdT-BcIrlo,Science & Technology,ok
hVKorBw9_D0,Comedy,ok
zKtx-SjHZpI,People & Blogs,ok
mRpl-K7oEi8,Music,ok
Iedt-Rdbx5g,People & Blogs,ok
Ic9N-lVeW1Y,People & Blogs,failed
_Y2Bv_noIZU,People & Blogs,ok
MvZLra4Ds3g,Sports,ok
tsQd-8MbQmA,People & Blogs,ok
yseM-vV5_OE,Gaming,ok
ctsc-Kb1hEo,Comedy,ok
xul9-vfCPRg,Gaming,ok
yk9yJs4nGMo,Film & Animation,failed
Dt75-bds5_Q,Autos & Vehicles,ok
C2tQ-TuXl9o,Pets & Animals,ok
e2eQ-8ikLtU,Entertainment,ok
auSn-LBd0yw,Entertainment,ok
cGte-tg3jBs,Comedy,ok
SQIK-OCEcrg,Entertainment,ok
zBDX-BRYL_c,Sports,failed
Fcio-gYxbck,Comedy,ok
OKLe-MM6E20,News & Politics,ok
Hkyz-k0ltzU,Comedy,ok
AIEb-8QeIMQ,Entertainment,ok
C9OJ-uzK0R0,People & Blogs,ok
QXZz-zY6ul0,Entertainment,ok
C8iQ-DqRUVw,People & Blogs,ok
RHoh-nT_Ea0,People & Blogs,ok
-kJ5b-l36J4,Comedy,ok
Bivy-L_3nms,People & Blogs,ok
pGDA-fsQHPs,People & Blogs,ok
Uhhe-3TBqY4,People & Blogs,ok
Vdzv-iAkOH0,People & Blogs,ok
oWLn-DzASO0,Comedy,ok
C_z2-r52q3M,Film & Animation,ok
Dgu3-bnCzG4,People & Blogs,ok
fYwpQzAog6o,Travel & Events,ok
BVcd-Q80Ry8,Entertainment,ok
ECaq-47TU_s,Film & Animation,ok
HT4M-vSoQSU,People & Blogs,ok
I6DT-gIPzgo,People & Blogs,ok
DnLZ-r9Ysuo,People & Blogs,failed
EDAK-Bl5bQw,Comedy,ok
bGU6-p0WeC0,Comedy,failed
Q0En-aRY2tk,People & Blogs,failed
kyUf-EH8K3c,Entertainment,ok
KMhU-Nle0M0,People & Blogs,ok
a2vu-4Cm9xY,Travel & Events,ok
MuAW-QacuNs,People & Blogs,ok
7Wtk-TjbYJ8,Music,ok
C_cV-oVq4GU,Music,ok
Osja-qmsWXs,People & Blogs,failed
E_ZX-GJ_e1o,Pets & Animals,ok
mAcT-cYDbO0,Entertainment,ok
OPRc-CmT5dU,Comedy,ok
U3n5-7D-m1M,Autos & Vehicles,ok
wXVc-WY2NJo,People & Blogs,failed
Okjk-1E2_Hk,Comedy,ok
Stw2-Hd7ok0,Sports,ok
KSq0-MfOtuM,Entertainment,ok
Wpa5-FExudo,People & Blogs,ok
KtxD-rP1Fyg,Music,ok
7cca-dGU1Kc,Comedy,ok
L88j-B3uXDA,Entertainment,ok
jGlk-sPdPOE,Music,ok
ZC_7-_J-2mQ,Sports,ok
1oMJ-BQVbPM,Entertainment,ok
tbZR-izsO78,Comedy,ok
uSOq-qFvh6s,Sports,ok
9MBn-FQ2ydQ,Autos & Vehicles,ok
6Uc0-uxvL8E,Comedy,ok
PcNi-QJzLyo,Comedy,ok
3tkN-VvM7hA,Howto & Style,ok
H3wM-EVPqo8,Autos & Vehicles,ok
czmL-rjz14s,People & Blogs,ok
oE1_-7c4hP0,Sports,ok
JCKB-L2y45w,Gaming,ok
qZtO-aPdbLY,People & Blogs,ok
beSn-Xkd_n0,Entertainment,ok
-E5uZ-ysU-0,People & Blogs,failed
c76H-kGbDK0,Science & Technology,ok
w66E-E6dd3I,News & Politics,ok
Ri91-ZX6ydI,Education,ok
arMh-mnmI-4,Entertainment,ok
5zvc-09UDJM,People & Blogs,ok
p7Um-fI59u8,People & Blogs,ok
RDxE-e83iAU,Sports,ok
xUJ3-cNm4rg,Autos & Vehicles,ok
U6Cq-bY70go,People & Blogs,ok
I12t-DByXO8,Travel & Events,ok
mGRx-xaL4ks,Comedy,ok
3NxZ-w_SDvE,Pets & Animals,ok
GxJM-N6QVws,Autos & Vehicles,failed
rZ2R-ykQoAw,Howto & Style,failed
6lUa--zy-D0,Comedy,failed
631w-r_8QEQ,Sports,ok
72hK-EJw5Uw,Pets & Animals,ok
1u-o-19Z7Lo,Sports,ok
gM2H-B7VGPE,Autos & Vehicles,ok
WGWL-HjFvbs,Music,ok
khwc-pw0748,Gaming,ok
fEFXutfYDrM,People & Blogs,failed
toNm-Y-XR2s,Entertainment,ok
-oXka-yhvRQ,Comedy,ok
ViH4-penC8c,Travel & Events,ok
lWxP-yRc7o4,News & Politics,ok
hL1h-Thh0iY,People & Blogs,ok
cGtC-XttjAo,People & Blogs,ok
YlXJ-R9szYs,Film & Animation,ok
8mKc-dLwDRc,Sports,ok
vTbm-0SODi8,Autos & Vehicles,ok
Jp6X-c_vOj4,Sports,ok
wpWh-qBz5kc,People & Blogs,ok
tjB4-ilQJEw,Film & Animation,ok
sBF7Q45-BFI,People & Blogs,ok
SfXc-1oSh58,Sports,ok
01Gk-k51z_E,Autos & Vehicles,failed
z_tv-_Isdws,Entertainment,failed
Ep46-zYpqA8,Entertainment,ok
I3Jk7pMkczQ,Autos & Vehicles,ok
6LCD-Y4fVNc,Gaming,failed
T9pK-J8dKdI,Gaming,ok
jbiU-8LaQmA,Comedy,ok
5lVa-wYySMI,Entertainment,ok
RDJC-X0-Z80,Autos & Vehicles,ok
UgF3-Bb-vac,Pets & Animals,ok
7zIV-uClDgw,People & Blogs,ok
CzcN-NAHc0I,Sports,ok
-Y43Z-cpYic,Entertainment,ok
IZC_-Iq_hLI,People & Blogs,ok
xrfB-xGvfbY,Entertainment,ok
wnPD-Dr52s0,Pets & Animals,ok
nVXk-3Ts0CQ,Entertainment,ok
5Rxw-lyhNOw,Entertainment,ok
n0Fm-8P0bis,Entertainment,ok
kmrF-CXVBwo,Autos & Vehicles,ok
Xkss-cNwwzo,Sports,ok
4AGh-n7i9S0,People & Blogs,failed
Fl69-WubBsM,Travel & Events,ok
1I_A-bmAnkw,People & Blogs,ok
A405-BGrNGU,Education,failed
ofm1-IM0MY8,Howto & Style,ok
Y2O8-N6B8Yw,Entertainment,ok
iD_v-cpDgmQ,Howto & Style,ok
vRQF69Do3eI,Autos & Vehicles,ok
wmV3-w-Ck7c,Comedy,ok
aN7I-Rqeowo,Entertainment,failed
WGAd-QVdH6Q,People & Blogs,ok
_xxS-oA-Zrc,Entertainment,ok
P45f-Pl6154,Travel & Events,ok
6cEq-pFEtNc,Film & Animation,ok
C5Mo-2Ti2Uw,People & Blogs,ok
iCfd-_Vbe8s,Sports,ok
GqF_-gTcxS4,Howto & Style,ok
sTGA-zNtwus,People & Blogs,ok
0Hwe-t6U6e4,Comedy,ok
LvPG-5iEeQ4,Autos & Vehicles,ok
n9t5-UDXj5Y,Sports,ok
NTkL-nO-Y-k,Gaming,ok
yPHZ-qnbIEg,Travel & Events,ok
lz3g-X_A2K0,Autos & Vehicles,ok
STqm-1NwGBg,Gaming,ok
0TG3-9e32n4,People & Blogs,ok
qRNt-GG2Wzc,Autos & Vehicles,ok
eofH-ft5Hns,Autos & Vehicles,ok
VCKl-7cDCCY,Autos & Vehicles,ok
T-Su-5l_I6g,Pets & Animals,failed
18KP-CUjalw,Education,ok
Rl2a-KI0ZI4,People & Blogs,ok
ZcNt-Ztmrso,Gaming,ok
57o7-n1f3SU,People & Blogs,failed
JhSg-E08_Yw,Autos & Vehicles,ok
-fcYu-oNI2Y,People & Blogs,ok
rdDT-_NAKnU,Comedy,ok
XbsF-xHPbg0,Music,ok
kajw-O3cn7Q,People & Blogs,ok
94-C-gdhJAM,People & Blogs,ok
vaT7-J7vHJk,Autos & Vehicles,ok
20oF-Guh-64,Music,ok
6N8V-81MTjM,People & Blogs,ok
qXWj-Kp0ae0,Comedy,ok
WzKO-PK4vBg,News & Politics,ok
WsKH-YBa564,Film & Animation,ok
JdPs-M3StRs,Sports,ok
0IcB-1Hd0dk,Gaming,ok
N9Li-aSeW04,People & Blogs,failed
t-Xw-zG6Rkw,Music,ok
g5Y7-WeFigk,Comedy,ok
coqc-1Cx0D4,People & Blogs,ok
EkrFFxmprRQ,Travel & Events,ok
5mA8-2oNjFw,News & Politics,failed
lARM-lxzrso,People & Blogs,ok
lV9o-aRM8CA,People & Blogs,ok
7FCL-MZ-HgM,People & Blogs,ok
i1BK-c2XfQE,People & Blogs,ok
9esf-mUH17M,People & Blogs,ok
NVTa-dgIpoQ,Entertainment,failed
XKyo-3h1Obg,Sports,failed
QVXu-t4tqtY,Education,ok
gDst-5cATzo,Film & Animation,ok
9tpZ-dPklvo,Pets & Animals,ok
7blv-_upi8k,Autos & Vehicles,ok
Y95x--gb47k,Sports,ok
Pgqh-2ENYuQ,Music,ok
lkRw-Ku74bM,People & Blogs,ok
OcEd-4Z8M2o,People & Blogs,failed
osNI-1LLLnk,People & Blogs,ok
65qLEViuPok,Entertainment,ok
WqJn-hiFnjI,Gaming,ok
aPfVVUCJpKw,Pets & Animals,ok
eJ9-d9jheMI,Howto & Style,failed
KO2I-DdVn-8,People & Blogs,ok
hBC5-Jf3dDM,News & Politics,ok
2m1s-7Q7MMk,People & Blogs,ok
ZFrg-4Ahz_c,Gaming,ok
PIQ7-KYOciU,Autos & Vehicles,ok
2I80-Mhmfr8,People & Blogs,ok
ZI1h-BjvVDI,People & Blogs,ok
5aa_-U3Tne8,Pets & Animals,ok
ENZX-Ic_lps,Entertainment,ok
ZMCU-J1LzEI,Entertainment,ok
yS6R-Rsc_0M,People & Blogs,ok
vQlr-Gh1EDs,Comedy,ok
6CEl-DiE5Y8,People & Blogs,ok
ySjH-fzvHVU,Autos & Vehicles,ok
5KCe-K_n3F8,Sports,ok
C5Yj-naWtP4,People & Blogs,ok
fTv7-ejWy3k,People & Blogs,ok
Z-LV-YJleQ8,People & Blogs,ok
94-b-T3z8ro,Music,ok
lI2k-QqnaLY,Comedy,failed
xgV2-_1TMD8,Entertainment,ok
fnup-59rkRM,Film & Animation,ok
ZlEa-J81NRU,Comedy,ok
2_Qm-MAOR7g,Gaming,ok
-j-37-hDAoU,Autos & Vehicles,ok
_90p-C59nQ4,People & Blogs,ok
aBeg-_tsSpw,Gaming,ok
RJRl-1BzXvc,Pets & Animals,ok
kk75-N6DxlI,Film & Animation,ok
q1il-uU-5b8,Travel & Events,ok
wwLH-kF-Ct8,Comedy,failed
Gr9k-wBP7RY,Music,ok
0d_q-2HqjUg,People & Blogs,ok
83Hp-y8XBfw,Sports,ok
f8PL-RhAEL8,Sports,ok
ZErL-dyGxmM,Comedy,ok
UQ0F-RrxSVI,Entertainment,ok
J2ec-E9GwC0,Entertainment,failed
RJgb-uTFYAY,Travel & Events,failed
PVw4-Fa4HvI,Autos & Vehicles,ok
xOea-W0EwmQ,Comedy,ok
3RwG-SNRgHU,Music,ok
PocU-ts2hbc,Travel & Events,ok
ccMe-KpngQs,People & Blogs,ok
9REc-0AhyR8,Music,ok
r7rX-GKiCCo,Gaming,ok
m4Om--VGJ90,People & Blogs,ok
3SaK-uwx0uE,Sports,ok
Vogg-IidtqY,Gaming,ok
G8vO-K7ZEnY,Comedy,failed
IOyr-1Nknhk,Sports,ok
aP1h-KQRuco,Music,ok
GkU4-t0tI98,People & Blogs,ok
f5Ri-cUsxM0,People & Blogs,ok
hmr3-nfHDe0,Gaming,ok
Fl2T-56Z5EE,People & Blogs,ok
czQk-Bpt9Ys,Science & Technology,ok
NXiB-Fn0qyc,Film & Animation,ok
auVk-Q0RHqA,Gaming,ok
NNec-McGqIs,Autos & Vehicles,ok
8Z01-D-mPlg,Music,ok
oroC-l3alKM,People & Blogs,ok
9ENC-Eh_yOM,Autos & Vehicles,ok
LAk0-9aciAY,Sports,ok
REd_-6EerfM,Autos & Vehicles,ok
0yJS-W5yyaU,People & Blogs,ok
TEAG-GoHk_E,Music,ok
YbQE-qXaHII,Autos & Vehicles,ok
qI7P-uEnBXI,Film & Animation,ok
-RkvAyW4vuM,People & Blogs,ok
YmGV-h9K4mc,People & Blogs,ok
aD5n-ZALpVo,Pets & Animals,ok
b5ql-Xk8M1g,People & Blogs,ok
Zn3UdTku9xQ,Travel & Events,ok
9udnK0Yt3lI,Autos & Vehicles,ok
Z7um-e7bypA,Music,ok
L9gA-Pu2BGo,Comedy,ok
u8eK-HR8HaY,Pets & Animals,failed
Q4Kh-i4kN5s,People & Blogs,ok
Mui4-bRkLs0,People & Blogs,ok
qQpY-8sTd-A,People & Blogs,ok
cEcz-ThVCa8,People & Blogs,failed
WsYS-6GTyu0,Entertainment,ok
Uew7-8Go4YQ,People & Blogs,ok
2Msi-mNFsWc,Howto & Style,ok
N1PQ-xIRmGk,Entertainment,failed
TktB-J5UFEE,Sports,ok
vEob-RAbbiA,People & Blogs,ok
GwPY-9FUNZw,People & Blogs,ok
M_Az--CM_Vo,Education,ok
FUv7-hV-tmE,People & Blogs,ok
peB8tbdMyj4,Sports,ok
y5-y-LRfReM,Sports,ok
Z3Lm-EQcWCc,Entertainment,ok
s0Ur-5LDWLo,Entertainment,failed
EE86-oCxG64,Entertainment,ok
W9vq-MifWJc,Education,ok
LriS-8L_CsA,Comedy,ok
fphh-jMaZx4,Travel & Events,ok
fp5e-KPPjJ8,Entertainment,ok
MUUX-Z2dqbw,Film & Animation,ok
CYvg-bw9-iM,People & Blogs,ok
Z00Y-WBdEuM,Entertainment,ok
uMno-FkT_no,People & Blogs,failed
UPmR-C0jNl8,Film & Animation,ok
e1e_-HfleNo,Entertainment,ok
PxpM-3UQ9TQ,Music,ok
046r-RBfttc,Entertainment,ok
D4nC-q6tWZ4,Sports,ok
Ni6C-S_bv6g,People & Blogs,ok
wwsy-xlrUIY,Entertainment,failed
F8em-L-ud9A,Music,ok
39ki-3kBH_E,Sports,ok
YWIv-m1FRyU,Entertainment,ok
TzBU-qFD-Sk,Sports,ok
wKh7-9b9UBI,People & Blogs,ok
L2Fm-T9gzWY,Sports,ok
7_XF-Hi0FC4,Education,ok
Y2qR-2Omxhw,Gaming,failed
YK0S-CvTpQs,Travel & Events,ok
eWOA-cljdVA,People & Blogs,ok
JhxM-kOhhnk,Comedy,ok
2fGI-9AWHsw,Sports,ok
hatTa5rJllw,People & Blogs,ok
98xJ-fx-ecE,Entertainment,ok
3It8-x6ObIw,People & Blogs,failed
kH4C-b1JiJM,People & Blogs,ok
QKRo-Oh0P2g,Comedy,ok
JXn0-nPTJJs,People & Blogs,ok
lDLI-851lBQ,Entertainment,ok
elZs-0XyEgE,People & Blogs,ok
AkHN-fcIMsg,Education,ok
wHlR-YWfuOQ,People & Blogs,ok
-F0Tw-w3gF4,Gaming,ok
hCzH-CQdc7E,Music,ok
yNs_-H0xCqQ,Music,ok
BjKU-JUMzX8,Music,ok
1UyV-JxkfMA,Sports,ok
ZwhZ-slsBOI,News & Politics,ok
49Vh-RvGsvs,Music,ok
ugqa-yUUgmo,Sports,ok
FzVN-a_CfTo,Autos & Vehicles,ok
y7mz-7HuctQ,Pets & Animals,ok
sprU-ErlBAA,Film & Animation,failed
gq3T-C8OSmk,Autos & Vehicles,ok
fcxZ-OAJIhE,People & Blogs,failed
vL6l-Xs-SbI,Sports,ok
n78z-5Q8Cu4,Entertainment,ok
wjng-UVi_6A,Comedy,ok
8jdE-GPCtj8,People & Blogs,failed
ai94-t88564,Entertainment,ok
S9d7-H092og,Pets & Animals,ok
khzE-b-2zbw,People & Blogs,ok
